Workbook

Sheet Resumen General
A1: RESUMEN DE CUENTAS POR PAGAR POR PROVEEDOR
A2: Consolidado de obligaciones y saldos por pagar
A4: TOTAL GENERAL POR PAGAR | E4: TOTAL PROVEEDORES
A5: ='Detalle de Cuentas por Pagar'!D24 | E5: =COUNTA(A8:A15)
A7: Proveedor | B7: Cantidad Facturas | C7: Monto Acumulado (DOP) | D7: % del Total | E7: Estatus General
A8: Agrofem | B8: =COUNTIF('Detalle de Cuentas por Pagar'!A$5:A$23, A8) | C8: =SUMIF('Detalle de Cuentas por Pagar'!A$5:A$23, A8, 'Detalle de Cuentas por Pagar'!D$5:D$23) | D8: =C8/C16 | E8: Pendiente
A9: Castillo | B9: =COUNTIF('Detalle de Cuentas por Pagar'!A$5:A$23, A9) | C9: =SUMIF('Detalle de Cuentas por Pagar'!A$5:A$23, A9, 'Detalle de Cuentas por Pagar'!D$5:D$23) | D9: =C9/C16 | E9: Pendiente
A10: Henry Rodriguez | B10: =COUNTIF('Detalle de Cuentas por Pagar'!A$5:A$23, A10) | C10: =SUMIF('Detalle de Cuentas por Pagar'!A$5:A$23, A10, 'Detalle de Cuentas por Pagar'!D$5:D$23) | D10: =C10/C16 | E10: Pendiente
A11: San Miguel | B11: =COUNTIF('Detalle de Cuentas por Pagar'!A$5:A$23, A11) | C11: =SUMIF('Detalle de Cuentas por Pagar'!A$5:A$23, A11, 'Detalle de Cuentas por Pagar'!D$5:D$23) | D11: =C11/C16 | E11: Pendiente
A12: IVAD S.R.L. | B12: =COUNTIF('Detalle de Cuentas por Pagar'!A$5:A$23, A12) | C12: =SUMIF('Detalle de Cuentas por Pagar'!A$5:A$23, A12, 'Detalle de Cuentas por Pagar'!D$5:D$23) | D12: =C12/C16 | E12: Pendiente
A13: Inversiones Ril's SRL | B13: =COUNTIF('Detalle de Cuentas por Pagar'!A$5:A$23, A13) | C13: =SUMIF('Detalle de Cuentas por Pagar'!A$5:A$23, A13, 'Detalle de Cuentas por Pagar'!D$5:D$23) | D13: =C13/C16 | E13: Pendiente
A14: Trackstore | B14: =COUNTIF('Detalle de Cuentas por Pagar'!A$5:A$23, A14) | C14: =SUMIF('Detalle de Cuentas por Pagar'!A$5:A$23, A14, 'Detalle de Cuentas por Pagar'!D$5:D$23) | D14: =C14/C16 | E14: Pendiente
A15: Emaspon | B15: =COUNTIF('Detalle de Cuentas por Pagar'!A$5:A$23, A15) | C15: =SUMIF('Detalle de Cuentas por Pagar'!A$5:A$23, A15, 'Detalle de Cuentas por Pagar'!D$5:D$23) | D15: =C15/C16 | E15: Pendiente de Monto
A16: TOTAL GENERAL | B16: =SUM(B8:B15) | C16: =SUM(C8:C15) | D16: =SUM(D8:D15)

Sheet Detalle de Cuentas por Pagar
A1: CONTROL DE CUENTAS POR PAGAR Y REGISTRO DE FACTURAS
A2: Registro consolidado de proveedores - Periodo Julio - Septiembre 2026
A4: Proveedor | B4: Fecha Emisión | C4: Fecha Vencimiento | D4: Monto (DOP) | E4: Estado | F4: Notas / Observaciones
A5: Agrofem | B5: 2026-09-01 | C5: 2026-10-06 | D5: 3608.4 | E5: Pendiente | F5: Factura 1 (Anexo 7,840.00)
A6: Agrofem | B6: 2026-09-01 | C6: 2026-10-06 | D6: 7840 | E6: Pendiente | F6: Factura 2
A7: Agrofem | B7: 2026-09-02 | C7: 2026-10-07 | D7: 23498.2 | E7: Pendiente | F7: Factura 1 (Anexo 30,064.00)
A8: Agrofem | B8: 2026-09-02 | C8: 2026-10-07 | D8: 30064 | E8: Pendiente | F8: Factura 2
A9: Agrofem | B9: 2026-09-08 | C9: 2026-10-13 | D9: 16960 | E9: Pendiente | F9: Factura 1 (Anexo 28,024.00)
A10: Agrofem | B10: 2026-09-08 | C10: 2026-10-13 | D10: 28024 | E10: Pendiente | F10: Factura 2
A11: Castillo | B11: 2026-09-02 | C11: N/A | D11: 15057 | E11: Pendiente | F11: Mes Septiembre
A12: Castillo | B12: 2026-09-08 | C12: N/A | D12: 17441 | E12: Pendiente | F12: Mes Septiembre
A13: Castillo | B13: 2026-08-19 | C13: N/A | D13: 23064 | E13: Pendiente | F13: Mes Agosto
A14: Castillo | B14: 2026-08-16 | C14: N/A | D14: 23452 | E14: Pendiente | F14: Mes Agosto
A15: Castillo | B15: 2026-08-05 | C15: N/A | D15: 31617.5 | E15: Pendiente | F15: Mes Agosto
A16: Castillo | B16: 2026-07-29 | C16: N/A | D16: 18099 | E16: Pendiente | F16: Mes Julio
... A23: Emaspon | B23: 2026-09-08 | C23: N/A | D23: 0 | E23: Por Confirmar | F23: Monto pendiente de confirmación (?)
A24: TOTAL GENERAL | D24: =SUM(D5:D23)
