Workbook

Sheet Montos
A1: SUMADOR AUTOMÁTICO DE FACTURAS
A3: Factura | B3: Monto (RD$) | C3: Seleccionar (Sí/No)
A4: Fact1 | B4: 24839.64 | C4: Sí
A5: Fact2 | B5: 25310 | C5: Sí
A6: Fact3 | B6: 4710 | C6: Sí
A7: Fact4 | B7: 20228 | C7: Sí
A8: Fact5 | B8: 32439 | C8: No
A9: Fact6 | B9: 22309.54 | C9: No
A10: Fact7 | B10: 19070 | C10: No
A11: Fact8 | B11: 2754 | C11: No
A13: TOTAL DE LAS FACTURAS SELECCIONADAS: | B13: =SUMIF(C4:C11,"Sí",B4:B11) -> 75087.64
A15: INSTRUCCIONES
A16: 1. Escribe los montos de las facturas en la columna B.
A17: 2. En la columna C selecciona Sí para las facturas que se pagarán juntas.
A18: 3. El TOTAL se calcula automáticamente.
A19: 4. Puedes seleccionar de 1 a 4 facturas (o más si algún día lo necesitas).

Sheet Todas las combinaciones
A1: COMBINACIONES AUTOMÁTICAS (1 A 4 FACTURAS)
A3: Cantidad | B3: Facturas | C3: Total (RD$)
A4: 1 | B4: Fact1 | C4: =Montos!B4 -> 24839.64
A5: 1 | B5: Fact2 | C5: =Montos!B5 -> 25310
A6: 1 | B6: Fact3 | C6: =Montos!B6 -> 4710
A7: 1 | B7: Fact4 | C7: =Montos!B7 -> 20228
A8: 1 | B8: Fact5 | C8: =Montos!B8 -> 32439
A9: 1 | B9: Fact6 | C9: =Montos!B9 -> 22309.54
A10: 1 | B10: Fact7 | C10: =Montos!B10 -> 19070
A11: 1 | B11: Fact8 | C11: =Montos!B11 -> 2754
A12: 2 | B12: Fact1 + Fact2 | C12: =Montos!B4+Montos!B5 -> 50149.64
A13: 2 | B13: Fact1 + Fact3 | C13: =Montos!B4+Montos!B6 -> 29549.64
A14: 2 | B14: Fact1 + Fact4 | C14: =Montos!B4+Montos!B7 -> 45067.64
A15: 2 | B15: Fact1 + Fact5 | C15: =Montos!B4+Montos!B8 -> 57278.64
A16: 2 | B16: Fact1 + Fact6 | C16: =Montos!B4+Montos!B9 -> 47149.18
A17: 2 | B17: Fact1 + Fact7 | C17: =Montos!B4+Montos!B10 -> 43909.64
A18: 2 | B18: Fact1 + Fact8 | C18: =Montos!B4+Montos!B11 -> 27593.64
A19: 2 | B19: Fact2 + Fact3 | C19: =Montos!B5+Montos!B6 -> 30020
A20: 2 | B20: Fact2 + Fact4 | C20: =Montos!B5+Montos!B7 -> 45538
A21: 2 | B21: Fact2 + Fact5 | C21: =Montos!B5+Montos!B8 -> 57749
A22: 2 | B22: Fact2 + Fact6 | C22: =Montos!B5+Montos!B9 -> 47619.54
A23: 2 | B23: Fact2 + Fact7 | C23: =Montos!B5+Montos!B10 -> 44380
A24: 2 | B24: Fact2 + Fact8 | C24: =Montos!B5+Montos!B11 -> 28064
A25: 2 | B25: Fact3 + Fact4 | C25: =Montos!B6+Montos!B7 -> 24938
A26: 2 | B26: Fact3 + Fact5 | C26: =Montos!B6+Montos!B8 -> 37149
A27: 2 | B27: Fact3 + Fact6 | C27: =Montos!B6+Montos!B9 -> 27019.54
A28: 2 | B28: Fact3 + Fact7 | C28: =Montos!B6+Montos!B10 -> 23780
A29: 2 | B29: Fact3 + Fact8 | C29: =Montos!B6+Montos!B11 -> 7464
A30: 2 | B30: Fact4 + Fact5 | C30: =Montos!B7+Montos!B8 -> 52667
A31: 2 | B31: Fact4 + Fact6 | C31: =Montos!B7+Montos!B9 -> 42537.54
A32: 2 | B32: Fact4 + Fact7 | C32: =Montos!B7+Montos!B10 -> 39298
A33: 2 | B33: Fact4 + Fact8 | C33: =Montos!B7+Montos!B11 -> 22982
A34: 2 | B34: Fact5 + Fact6 | C34: =Montos!B8+Montos!B9 -> 54748.54
A35: 2 | B35: Fact5 + Fact7 | C35: =Montos!B8+Montos!B10 -> 51509
A36: 2 | B36: Fact5 + Fact8 | C36: =Montos!B8+Montos!B11 -> 35193
A37: 2 | B37: Fact6 + Fact7 | C37: =Montos!B9+Montos!B10 -> 41379.54
A38: 2 | B38: Fact6 + Fact8 | C38: =Montos!B9+Montos!B11 -> 25063.54
A39: 2 | B39: Fact7 + Fact8 | C39: =Montos!B10+Montos!B11 -> 21824
A40: 3 | B40: Fact1 + Fact2 + Fact3 | C40: =Montos!B4+Montos!B5+Montos!B6 -> 54859.64
A41: 3 | B41: Fact1 + Fact2 + Fact4 | C41: =Montos!B4+Montos!B5+Montos!B7 -> 70377.64
A42: 3 | B42: Fact1 + Fact2 + Fact5 | C42: =Montos!B4+Montos!B5+Montos!B8 -> 82588.64
A43: 3 | B43: Fact1 + Fact2 + Fact6 | C43: =Montos!B4+Montos!B5+Montos!B9 -> 72459.18
A44: 3 | B44: Fact1 + Fact2 + Fact7 | C44: =Montos!B4+Montos!B5+Montos!B10 -> 69219.64
A45: 3 | B45: Fact1 + Fact2 + Fact8 | C45: =Montos!B4+Montos!B5+Montos!B11 -> 52903.64
A46: 3 | B46: Fact1 + Fact3 + Fact4 | C46: =Montos!B4+Montos!B6+Montos!B7 -> 49777.64
A47: 3 | B47: Fact1 + Fact3 + Fact5 | C47: =Montos!B4+Montos!B6+Montos!B8 -> 61988.64
A48: 3 | B48: Fact1 + Fact3 + Fact6 | C48: =Montos!B4+Montos!B6+Montos!B9 -> 51859.18
A49: 3 | B49: Fact1 + Fact3 + Fact7 | C49: =Montos!B4+Montos!B6+Montos!B10 -> 48619.64
A50: 3 | B50: Fact1 + Fact3 + Fact8 | C50: =Montos!B4+Montos!B6+Montos!B11 -> 32303.64
A51: 3 | B51: Fact1 + Fact4 + Fact5 | C51: =Montos!B4+Montos!B7+Montos!B8 -> 77506.64
A52: 3 | B52: Fact1 + Fact4 + Fact6 | C52: =Montos!B4+Montos!B7+Montos!B9 -> 67377.18
A53: 3 | B53: Fact1 + Fact4 + Fact7 | C53: =Montos!B4+Montos!B7+Montos!B10 -> 64137.64
A54: 3 | B54: Fact1 + Fact4 + Fact8 | C54: =Montos!B4+Montos!B7+Montos!B11 -> 47821.64
A55: 3 | B55: Fact1 + Fact5 + Fact6 | C55: =Montos!B4+Montos!B8+Montos!B9 -> 79588.18
A56: 3 | B56: Fact1 + Fact5 + Fact7 | C56: =Montos!B4+Montos!B8+Montos!B10 -> 76348.64
A57: 3 | B57: Fact1 + Fact5 + Fact8 | C57: =Montos!B4+Montos!B8+Montos!B11 -> 60032.64
A58: 3 | B58: Fact1 + Fact6 + Fact7 | C58: =Montos!B4+Montos!B9+Montos!B10 -> 66219.18
A59: 3 | B59: Fact1 + Fact6 + Fact8 | C59: =Montos!B4+Montos!B9+Montos!B11 -> 49903.18
A60: 3 | B60: Fact1 + Fact7 + Fact8 | C60: =Montos!B4+Montos!B10+Montos!B11 -> 46663.64
A61: 3 | B61: Fact2 + Fact3 + Fact4 | C61: =Montos!B5+Montos!B6+Montos!B7 -> 50248
A62: 3 | B62: Fact2 + Fact3 + Fact5 | C62: =Montos!B5+Montos!B6+Montos!B8 -> 62459
A63: 3 | B63: Fact2 + Fact3 + Fact6 | C63: =Montos!B5+Montos!B6+Montos!B9 -> 52329.54
A64: 3 | B64: Fact2 + Fact3 + Fact7 | C64: =Montos!B5+Montos!B6+Montos!B10 -> 49090
A65: 3 | B65: Fact2 + Fact3 + Fact8 | C65: =Montos!B5+Montos!B6+Montos!B11 -> 32774
A66: 3 | B66: Fact2 + Fact4 + Fact5 | C66: =Montos!B5+Montos!B7+Montos!B8 -> 77977
A67: 3 | B67: Fact2 + Fact4 + Fact6 | C67: =Montos!B5+Montos!B7+Montos!B9 -> 67847.54
A68: 3 | B68: Fact2 + Fact4 + Fact7 | C68: =Montos!B5+Montos!B7+Montos!B10 -> 64608
A69: 3 | B69: Fact2 + Fact4 + Fact8 | C69: =Montos!B5+Montos!B7+Montos!B11 -> 48292
A70: 3 | B70: Fact2 + Fact5 + Fact6 | C70: =Montos!B5+Montos!B8+Montos!B9 -> 80058.54
A71: 3 | B71: Fact2 + Fact5 + Fact7 | C71: =Montos!B5+Montos!B8+Montos!B10 -> 76819
A72: 3 | B72: Fact2 + Fact5 + Fact8 | C72: =Montos!B5+Montos!B8+Montos!B11 -> 60503
A73: 3 | B73: Fact2 + Fact6 + Fact7 | C73: =Montos!B5+Montos!B9+Montos!B10 -> 66689.54
A74: 3 | B74: Fact2 + Fact6 + Fact8 | C74: =Montos!B5+Montos!B9+Montos!B11 -> 50373.54
A75: 3 | B75: Fact2 + Fact7 + Fact8 | C75: =Montos!B5+Montos!B10+Montos!B11 -> 47134
A76: 3 | B76: Fact3 + Fact4 + Fact5 | C76: =Montos!B6+Montos!B7+Montos!B8 -> 57377
A77: 3 | B77: Fact3 + Fact4 + Fact6 | C77: =Montos!B6+Montos!B7+Montos!B9 -> 47247.54
A78: 3 | B78: Fact3 + Fact4 + Fact7 | C78: =Montos!B6+Montos!B7+Montos!B10 -> 44008
A79: 3 | B79: Fact3 + Fact4 + Fact8 | C79: =Montos!B6+Montos!B7+Montos!B11 -> 27692
A80: 3 | B80: Fact3 + Fact5 + Fact6 | C80: =Montos!B6+Montos!B8+Montos!B9 -> 59458.54
A81: 3 | B81: Fact3 + Fact5 + Fact7 | C81: =Montos!B6+Montos!B8+Montos!B10 -> 56219
A82: 3 | B82: Fact3 + Fact5 + Fact8 | C82: =Montos!B6+Montos!B8+Montos!B11 -> 39903
A83: 3 | B83: Fact3 + Fact6 + Fact7 | C83: =Montos!B6+Montos!B9+Montos!B10 -> 46089.54
A84: 3 | B84: Fact3 + Fact6 + Fact8 | C84: =Montos!B6+Montos!B9+Montos!B11 -> 29773.54
A85: 3 | B85: Fact3 + Fact7 + Fact8 | C85: =Montos!B6+Montos!B10+Montos!B11 -> 26534
A86: 3 | B86: Fact4 + Fact5 + Fact6 | C86: =Montos!B7+Montos!B8+Montos!B9 -> 74976.54
A87: 3 | B87: Fact4 + Fact5 + Fact7 | C87: =Montos!B7+Montos!B8+Montos!B10 -> 71737
A88: 3 | B88: Fact4 + Fact5 + Fact8 | C88: =Montos!B7+Montos!B8+Montos!B11 -> 55421
A89: 3 | B89: Fact4 + Fact6 + Fact7 | C89: =Montos!B7+Montos!B9+Montos!B10 -> 61607.54
A90: 3 | B90: Fact4 + Fact6 + Fact8 | C90: =Montos!B7+Montos!B9+Montos!B11 -> 45291.54
A91: 3 | B91: Fact4 + Fact7 + Fact8 | C91: =Montos!B7+Montos!B10+Montos!B11 -> 42052
A92: 3 | B92: Fact5 + Fact6 + Fact7 | C92: =Montos!B8+Montos!B9+Montos!B10 -> 73818.54
A93: 3 | B93: Fact5 + Fact6 + Fact8 | C93: =Montos!B8+Montos!B9+Montos!B11 -> 57502.54
A94: 3 | B94: Fact5 + Fact7 + Fact8 | C94: =Montos!B8+Montos!B10+Montos!B11 -> 54263
A95: 3 | B95: Fact6 + Fact7 + Fact8 | C95: =Montos!B9+Montos!B10+Montos!B11 -> 44133.54
A96: 4 | B96: Fact1 + Fact2 + Fact3 + Fact4 | C96: =Montos!B4+Montos!B5+Montos!B6+Montos!B7 -> 75087.64
A97: 4 | B97: Fact1 + Fact2 + Fact3 + Fact5 | C97: =Montos!B4+Montos!B5+Montos!B6+Montos!B8 -> 87298.64
A98: 4 | B98: Fact1 + Fact2 + Fact3 + Fact6 | C98: =Montos!B4+Montos!B5+Montos!B6+Montos!B9 -> 77169.18
A99: 4 | B99: Fact1 + Fact2 + Fact3 + Fact7 | C99: =Montos!B4+Montos!B5+Montos!B6+Montos!B10 -> 73929.64
A100: 4 | B100: Fact1 + Fact2 + Fact3 + Fact8 | C100: =Montos!B4+Montos!B5+Montos!B6+Montos!B11 -> 57613.64
A101: 4 | B101: Fact1 + Fact2 + Fact4 + Fact5 | C101: =Montos!B4+Montos!B5+Montos!B7+Montos!B8 -> 102816.64
...

Sheet Ejemplo
A1: EJEMPLO CON TUS MONTOS
A3: Factura | B3: Monto (RD$)
A4: Fact1 | B4: 24839.64
A5: Fact2 | B5: 25310
A6: Fact3 | B6: 4710
A7: Fact4 | B7: 20228.2
A8: Fact5 | B8: 32439
A9: Fact6 | B9: 22309.54
A10: Fact7 | B10: 19070
A11: Fact8 | B11: 2754
A14: Puedes copiar estos montos a la hoja 'Montos' o reemplazarlos.
